Workbook

Sheet Alert Log
A1: SOC Home Lab — Alert Log
A2: Legend: yellow cells are inputs to fill in per alert. All latency/time columns calculate automatically.
A4: Alert ID | B4: Date | C4: Category | D4: Severity | E4: Time Occurred | F4: Time Detected | G4: Time Triaged | H4: Time Contained | I4: Detection Latency (min) | J4: Triage Latency (min) | K4: Containment Latency (min) | L4: Verdict
A5: SOC-001 | B5: 2026-01-15 | C5: Failed Logins | D5: Medium | E5: 08:12:00 | F5: 08:14:30 | G5: 08:20:00 | H5: 08:35:00 | I5: =IF(OR(E5="",F5=""),"",(F5-E5)*1440) -> 2.5 | J5: =IF(OR(F5="",G5=""),"",(G5-F5)*1440) -> 5.5 | K5: =IF(OR(G5="",H5=""),"",(H5-G5)*1440) -> 15 | L5: True Positive
I6: =IF(OR(E6="",F6=""),"",(F6-E6)*1440) | J6: =IF(OR(F6="",G6=""),"",(G6-F6)*1440) | K6: =IF(OR(G6="",H6=""),"",(H6-G6)*1440)
I7: =IF(OR(E7="",F7=""),"",(F7-E7)*1440) | J7: =IF(OR(F7="",G7=""),"",(G7-F7)*1440) | K7: =IF(OR(G7="",H7=""),"",(H7-G7)*1440)
I8: =IF(OR(E8="",F8=""),"",(F8-E8)*1440) | J8: =IF(OR(F8="",G8=""),"",(G8-F8)*1440) | K8: =IF(OR(G8="",H8=""),"",(H8-G8)*1440)
I9: =IF(OR(E9="",F9=""),"",(F9-E9)*1440) | J9: =IF(OR(F9="",G9=""),"",(G9-F9)*1440) | K9: =IF(OR(G9="",H9=""),"",(H9-G9)*1440)
I10: =IF(OR(E10="",F10=""),"",(F10-E10)*1440) | J10: =IF(OR(F10="",G10=""),"",(G10-F10)*1440) | K10: =IF(OR(G10="",H10=""),"",(H10-G10)*1440)
I11: =IF(OR(E11="",F11=""),"",(F11-E11)*1440) | J11: =IF(OR(F11="",G11=""),"",(G11-F11)*1440) | K11: =IF(OR(G11="",H11=""),"",(H11-G11)*1440)
I12: =IF(OR(E12="",F12=""),"",(F12-E12)*1440) | J12: =IF(OR(F12="",G12=""),"",(G12-F12)*1440) | K12: =IF(OR(G12="",H12=""),"",(H12-G12)*1440)
I13: =IF(OR(E13="",F13=""),"",(F13-E13)*1440) | J13: =IF(OR(F13="",G13=""),"",(G13-F13)*1440) | K13: =IF(OR(G13="",H13=""),"",(H13-G13)*1440)
I14: =IF(OR(E14="",F14=""),"",(F14-E14)*1440) | J14: =IF(OR(F14="",G14=""),"",(G14-F14)*1440) | K14: =IF(OR(G14="",H14=""),"",(H14-G14)*1440)
I15: =IF(OR(E15="",F15=""),"",(F15-E15)*1440) | J15: =IF(OR(F15="",G15=""),"",(G15-F15)*1440) | K15: =IF(OR(G15="",H15=""),"",(H15-G15)*1440)
I16: =IF(OR(E16="",F16=""),"",(F16-E16)*1440) | J16: =IF(OR(F16="",G16=""),"",(G16-F16)*1440) | K16: =IF(OR(G16="",H16=""),"",(H16-G16)*1440)
I17: =IF(OR(E17="",F17=""),"",(F17-E17)*1440) | J17: =IF(OR(F17="",G17=""),"",(G17-F17)*1440) | K17: =IF(OR(G17="",H17=""),"",(H17-G17)*1440)
... I30: =IF(OR(E30="",F30=""),"",(F30-E30)*1440) | J30: =IF(OR(F30="",G30=""),"",(G30-F30)*1440) | K30: =IF(OR(G30="",H30=""),"",(H30-G30)*1440)

Sheet Summary
A1: SOC Home Lab — Metrics Summary
A2: All figures pull automatically from the Alert Log sheet — do not hardcode values here.
A4: Metric | B4: Value
A5: Total Alerts Logged | B5: =COUNTA('Alert Log'!A5:A1000) -> 1
A6: True Positives | B6: =COUNTIF('Alert Log'!L5:L1000,"True Positive") -> 1
A7: False Positives | B7: =COUNTIF('Alert Log'!L5:L1000,"False Positive") -> 0
A8: Benign True Positives | B8: =COUNTIF('Alert Log'!L5:L1000,"Benign True Positive") -> 0
A9: False Positive Rate | B9: =IF(B5=0,"",B7/B5) -> 0
A10: Avg. Detection Latency (min) | B10: =IFERROR(AVERAGE('Alert Log'!I5:I1000),"") -> 2.5
A11: Avg. Triage Latency (min) | B11: =IFERROR(AVERAGE('Alert Log'!J5:J1000),"") -> 5.5
A12: Avg. Containment Latency (min) — MTTR | B12: =IFERROR(AVERAGE('Alert Log'!K5:K1000),"") -> 15
A14: Alerts by Category
A15: Category | B15: Count
A16: Failed Logins | B16: =COUNTIF('Alert Log'!C5:C1000,"Failed Logins") -> 1
A17: PowerShell | B17: =COUNTIF('Alert Log'!C5:C1000,"PowerShell") -> 0
A18: Account Creation | B18: =COUNTIF('Alert Log'!C5:C1000,"Account Creation") -> 0
A19: Other | B19: =B5-(B16+B17+B18) -> 0
